{
	"animations": {
		"animation.handheld_portal_generator.fire": {
			"loop": false,
			"animation_length": 1,
			"bones": {
				"base": {
					"rotation": {
						"0.1667": [0, 0, 0],
						"0.25": [-7.25535, 0, 0],
						"0.2917": [-9.43973, 0, 0],
						"0.3333": [-10.47109, 0, 0],
						"0.375": [-10.74298, 0, 0],
						"0.4167": [-10.5, 0, 0],
						"0.4583": [-9.80167, 0, 0],
						"0.5": [-8.54045, 0, 0],
						"0.5417": [-6.71556, 0, 0],
						"0.5833": [-4.5755, 0, 0],
						"0.625": [-2.58803, 0, 0],
						"0.6667": [-1.09849, 0, 0],
						"0.7083": [-0.17709, 0, 0],
						"0.75": [0.24994, 0, 0],
						"0.7917": [0.28096, 0, 0],
						"0.8333": [0, 0, 0]
					},
					"position": {
						"0.125": [0, 0, 0],
						"0.1667": [0, 0, -0.72396],
						"0.2083": [0, 0, -1.21382],
						"0.25": [0, 0, -1.5668],
						"0.2917": [0, 0, -1.80989],
						"0.3333": [0, 0, -1.95746],
						"0.375": [0, 0, -2.01867],
						"0.4167": [0, 0, -2],
						"0.4583": [0, 0, -1.90591],
						"0.5": [0, 0, -1.73763],
						"0.5417": [0, 0, -1.50035],
						"0.5833": [0, 0, -1.20828],
						"0.6667": [0, 0, -0.57028],
						"0.7083": [0, 0, -0.29708],
						"0.75": [0, 0, -0.09939],
						"0.7917": [0, 0, 0.00228],
						"0.8333": [0, 0, 0]
					}
				},
				"boingy": {
					"scale": {
						"0.0": [1, 1, 1],
						"0.0417": [1, 1, 0.87421],
						"0.0833": [1, 1, 0.73492],
						"0.125": [1, 1, 0.63059],
						"0.1667": [1, 1, 0.59699],
						"0.2083": [1, 1, 0.62],
						"0.25": [1, 1, 0.68269],
						"0.2917": [1, 1, 0.77698],
						"0.3333": [1, 1, 0.87714],
						"0.375": [1, 1, 0.95493],
						"0.4167": [1, 1, 0.99929],
						"0.4583": [1, 1, 1.01238],
						"0.5": [1, 1, 1]
					}
				},
				"front_part": {
					"position": {
						"0.0": [0, 0, 0],
						"0.0417": [0, 0, -0.36653],
						"0.0833": [0, 0, -0.91874],
						"0.125": [0, 0, -1.16485],
						"0.1667": [0, 0, -1.21851],
						"0.2083": [0, 0, -1.2],
						"0.25": [0, 0, -1.12595],
						"0.2917": [0, 0, -0.95643],
						"0.3333": [0, 0, -0.64533],
						"0.375": [0, 0, -0.27957],
						"0.4167": [0, 0, -0.06475],
						"0.4583": [0, 0, 0.00886],
						"0.5": [0, 0, 0]
					}
				},
				"spinny_things": {
					"rotation": {
						"0.0": [0, 0, 0],
						"0.0417": [0, 0, -29.24766],
						"0.0833": [0, 0, -66.10066],
						"0.125": [0, 0, -108.97512],
						"0.1667": [0, 0, -156.11466],
						"0.2083": [0, 0, -205.76422],
						"0.25": [0, 0, -256.32987],
						"0.2917": [0, 0, -306.46588],
						"0.3333": [0, 0, -355.11395],
						"0.375": [0, 0, -401.49065],
						"0.4167": [0, 0, -445.0531],
						"0.4583": [0, 0, -485.45206],
						"0.5": [0, 0, -522.49942],
						"0.5417": [0, 0, -556.10601],
						"0.5833": [0, 0, -586.27557],
						"0.625": [0, 0, -613.04669],
						"0.6667": [0, 0, -636.51907],
						"0.7083": [0, 0, -656.7996],
						"0.75": [0, 0, -674.00412],
						"0.7917": [0, 0, -688.26889],
						"0.8333": [0, 0, -699.72698],
						"0.875": [0, 0, -708.5123],
						"0.9167": [0, 0, -714.72523],
						"0.9583": [0, 0, -718.52048],
						"1.0": [0, 0, -720]
					}
				},
				"pressure_gauge": {
					"rotation": {
						"0.125": {
							"pre": [0, 0, 0],
							"post": [0, 0, 0],
							"lerp_mode": "catmullrom"
						},
						"0.2083": {
							"post": [7.5, 0, 0],
							"lerp_mode": "catmullrom"
						},
						"0.375": {
							"post": [0, 0, 0],
							"lerp_mode": "catmullrom"
						},
						"0.5833": {
							"post": [-12.5, 0, 0],
							"lerp_mode": "catmullrom"
						},
						"0.8333": {
							"post": [5, 0, 0],
							"lerp_mode": "catmullrom"
						},
						"1.0": {
							"post": [0, 0, 0],
							"lerp_mode": "catmullrom"
						}
					}
				}
			}
		},
		"animation.handheld_portal_generator.equip": {
			"loop": false,
			"animation_length": 1.25,
			"bones": {
				"base": {
					"rotation": {
						"0.0": [60, 0, 0],
						"0.0417": [60.02868, 0, 0],
						"0.0833": [58.30186, 0, 0],
						"0.125": [55.07025, 0, 0],
						"0.1667": [50.56848, 0, 0],
						"0.2083": [45.02275, 0, 0],
						"0.25": [38.6585, 0, 0],
						"0.2917": [31.70836, 0, 0],
						"0.375": [17.07619, 0, 0],
						"0.4167": [10.00221, 0, 0],
						"0.4583": [3.60512, 0, 0],
						"0.5": [-1.58178, 0, 0],
						"0.5417": [-4.80891, 0, 0],
						"0.5833": [-4.93197, 0, 0],
						"0.6667": [-1.11344, 0, 0],
						"0.7083": [0.59439, 0, 0],
						"0.75": [2.00349, 0, 0],
						"0.7917": [2.91827, 0, 0],
						"0.8333": [3.31887, 0, 0],
						"0.875": [3.10915, 0, 0],
						"1.0833": [0.29612, 0, 0],
						"1.125": [-0.12551, 0, 0],
						"1.1667": [-0.39739, 0, 0],
						"1.2083": [-0.42715, 0, 0],
						"1.25": [0, 0, 0]
					},
					"position": {
						"0.0": [0, -8, 0],
						"0.0417": [0, -5.7707, 0],
						"0.0833": [0, -4.20555, 0],
						"0.125": [0, -2.98778, 0],
						"0.1667": [0, -1.99842, 0],
						"0.2083": [0, -1.17863, 0],
						"0.25": [0, -0.49477, 0],
						"0.2917": [0, 0.07378, 0],
						"0.3333": [0, 0.53983, 0],
						"0.375": [0, 0.9109, 0],
						"0.4167": [0, 1.1903, 0],
						"0.4583": [0, 1.37765, 0],
						"0.5": [0, 1.46807, 0],
						"0.5417": [0, 1.45122, 0],
						"0.5833": [0, 1.3076, 0],
						"0.625": [0, 1, 0],
						"0.6667": [0, 0.67261, 0],
						"0.7083": [0, 0.51759, 0],
						"0.75": [0, 0.53137, 0],
						"0.7917": [0, 0.68426, 0],
						"0.8333": [0, 0.91984, 0],
						"0.875": [0, 1.16986, 0],
						"0.9167": [0, 1.37519, 0],
						"0.9583": [0, 1.49805, 0],
						"1.0": [0, 1.5214, 0],
						"1.0417": [0, 1.44247, 0],
						"1.0833": [0, 1.26601, 0],
						"1.125": [0, 1, 0],
						"1.25": [0, 0, 0]
					}
				},
				"pressure_gauge": {
					"rotation": {
						"0.0": {
							"post": [20, 0, 0],
							"lerp_mode": "catmullrom"
						},
						"0.5833": {
							"post": [-10, 0, 0],
							"lerp_mode": "catmullrom"
						},
						"0.8333": {
							"post": [6.25, 0, 0],
							"lerp_mode": "catmullrom"
						},
						"1.25": {
							"post": [0, 0, 0],
							"lerp_mode": "catmullrom"
						}
					}
				},
				"front_part": {
					"position": {
						"0.6667": {
							"pre": [0, 0, 0],
							"post": [0, 0, 0],
							"lerp_mode": "catmullrom"
						},
						"0.9167": {
							"post": [0, 0, -0.75],
							"lerp_mode": "catmullrom"
						},
						"1.25": {
							"post": [0, 0, 0],
							"lerp_mode": "catmullrom"
						}
					}
				},
				"spinny_things": {
					"rotation": {
						"0.0": [0, 0, 0],
						"0.0417": [0, 0, -33.78013],
						"0.0833": [0, 0, -64.56701],
						"0.125": [0, 0, -92.68243],
						"0.1667": [0, 0, -118.40877],
						"0.2083": [0, 0, -141.98113],
						"0.25": [0, 0, -163.5953],
						"0.2917": [0, 0, -183.43261],
						"0.3333": [0, 0, -201.63876],
						"0.375": [0, 0, -218.3523],
						"0.4167": [0, 0, -233.68961],
						"0.4583": [0, 0, -247.75566],
						"0.5": [0, 0, -260.64539],
						"0.5417": [0, 0, -272.44224],
						"0.5833": [0, 0, -283.22021],
						"0.625": [0, 0, -293.05475],
						"0.6667": [0, 0, -302.0015],
						"0.7083": [0, 0, -310.12348],
						"0.75": [0, 0, -317.47322],
						"0.7917": [0, 0, -324.09771],
						"0.8333": [0, 0, -330.04104],
						"0.875": [0, 0, -335.34677],
						"0.9167": [0, 0, -340.05344],
						"0.9583": [0, 0, -344.19708],
						"1.0": [0, 0, -347.80987],
						"1.0417": [0, 0, -350.92402],
						"1.0833": [0, 0, -353.57],
						"1.125": [0, 0, -355.77594],
						"1.1667": [0, 0, -357.56599],
						"1.2083": [0, 0, -358.96548],
						"1.25": [0, 0, -360]
					}
				},
				"boingy": {
					"scale": {
						"0.6667": {
							"pre": [1, 1, 1],
							"post": [1, 1, 1],
							"lerp_mode": "catmullrom"
						},
						"0.9167": {
							"post": [1, 1, 0.75],
							"lerp_mode": "catmullrom"
						},
						"1.25": {
							"post": [1, 1, 1],
							"lerp_mode": "catmullrom"
						}
					}
				}
			}
		},
		"animation.handheld_portal_generator.unequip": {
			"loop": false,
			"animation_length": 1,
			"bones": {
				"base": {
					"rotation": {
						"0.0": [0, 0, 0],