{
	"animations": {
		"animation.handheld_portal_generator.fire": {
			"loop": false,
			"animation_length": 1,
			"bones": {
				"base": {
					"position": {
						"0.125": [0,0,0],
						"0.1667": [0,0,-0.72396],
						"0.2083": [0,0,-1.21382],
						"0.25": [0,0,-1.5668],
						"0.2917": [0,0,-1.80989],
						"0.3333": [0,0,-1.95746],
						"0.375": [0,0,-2.01867],
						"0.4167": [0,0,-2],
						"0.4583": [0,0,-1.90591],
						"0.5": [0,0,-1.73763],
						"0.5417": [0,0,-1.50035],
						"0.5833": [0,0,-1.20828],
						"0.6667": [0,0,-0.57028],
						"0.7083": [0,0,-0.29708],
						"0.75": [0,0,-0.09939],
						"0.7917": [0,0,0.00228],
						"0.8333": [0,0,0]
					},
					"rotation": {
						"0.1667": [0,0,0],
						"0.25": [7.25535,0,0],
						"0.2917": [9.43973,0,0],
						"0.3333": [10.47109,0,0],
						"0.375": [10.74298,0,0],
						"0.4167": [10.5,0,0],
						"0.4583": [9.80167,0,0],
						"0.5": [8.54045,0,0],
						"0.5417": [6.71556,0,0],
						"0.5833": [4.5755,0,0],
						"0.625": [2.58803,0,0],
						"0.6667": [1.09849,0,0],
						"0.7083": [0.17709,0,0],
						"0.75": [-0.24994,0,0],
						"0.7917": [-0.28096,0,0],
						"0.8333": [0,0,0]
					}
				},
				"boingy": {
					"scale": {
						"0": [1,1,1],
						"0.0417": [1,1,0.87421],
						"0.0833": [1,1,0.73492],
						"0.125": [1,1,0.63059],
						"0.1667": [1,1,0.59699],
						"0.2083": [1,1,0.62],
						"0.25": [1,1,0.68269],
						"0.2917": [1,1,0.77698],
						"0.3333": [1,1,0.87714],
						"0.375": [1,1,0.95493],
						"0.4167": [1,1,0.99929],
						"0.4583": [1,1,1.01238],
						"0.5": [1,1,1]
					}
				},
				"front_part": {
					"position": {
						"0": [0,0,0],
						"0.0417": [0,0,-0.36653],
						"0.0833": [0,0,-0.91874],
						"0.125": [0,0,-1.16485],
						"0.1667": [0,0,-1.21851],
						"0.2083": [0,0,-1.2],
						"0.25": [0,0,-1.12595],
						"0.2917": [0,0,-0.95643],
						"0.3333": [0,0,-0.64533],
						"0.375": [0,0,-0.27957],
						"0.4167": [0,0,-0.06475],
						"0.4583": [0,0,0.00886],
						"0.5": [0,0,0]
					}
				},
				"spinny_things": {
					"rotation": {
						"0": [0,0,0],
						"1": [0,0,720],
						"0.0417": [0,0,29.24766],
						"0.0833": [0,0,66.10066],
						"0.125": [0,0,108.97512],
						"0.1667": [0,0,156.11466],
						"0.2083": [0,0,205.76422],
						"0.25": [0,0,256.32987],
						"0.2917": [0,0,306.46588],
						"0.3333": [0,0,355.11395],
						"0.375": [0,0,401.49065],
						"0.4167": [0,0,445.0531],
						"0.4583": [0,0,485.45206],
						"0.5": [0,0,522.49942],
						"0.5417": [0,0,556.10601],
						"0.5833": [0,0,586.27557],
						"0.625": [0,0,613.04669],
						"0.6667": [0,0,636.51907],
						"0.7083": [0,0,656.7996],
						"0.75": [0,0,674.00412],
						"0.7917": [0,0,688.26889],
						"0.8333": [0,0,699.72698],
						"0.875": [0,0,708.5123],
						"0.9167": [0,0,714.72523],
						"0.9583": [0,0,718.52048]
					}
				},
				"pressure_gauge": {
					"rotation": {
						"1": [0,0,0],
						"0.125": [0,0,0],
						"0.2083": [-7.5,0,0],
						"0.375": [0,0,0],
						"0.5833": [12.5,0,0],
						"0.8333": [-5,0,0]
					}
				}
			}
		},
		"animation.handheld_portal_generator.equip": {
			"loop": false,
			"animation_length": 1.25,
			"bones": {
				"base": {
					"position": {
						"0": [0,-8,0],
						"1": [0,1.5214,0],
						"0.0417": [0,-5.7707,0],
						"0.0833": [0,-4.20555,0],
						"0.125": [0,-2.98778,0],
						"0.1667": [0,-1.99842,0],
						"0.2083": [0,-1.17863,0],
						"0.25": [0,-0.49477,0],
						"0.2917": [0,0.07378,0],
						"0.3333": [0,0.53983,0],
						"0.375": [0,0.9109,0],
						"0.4167": [0,1.1903,0],
						"0.4583": [0,1.37765,0],
						"0.5": [0,1.46807,0],
						"0.5417": [0,1.45122,0],
						"0.5833": [0,1.3076,0],
						"0.625": [0,1,0],
						"0.6667": [0,0.67261,0],
						"0.7083": [0,0.51759,0],
						"0.75": [0,0.53137,0],
						"0.7917": [0,0.68426,0],
						"0.8333": [0,0.91984,0],
						"0.875": [0,1.16986,0],
						"0.9167": [0,1.37519,0],
						"0.9583": [0,1.49805,0],
						"1.0417": [0,1.44247,0],
						"1.0833": [0,1.26601,0],
						"1.125": [0,1,0],
						"1.25": [0,0,0]
					},
					"rotation": {
						"0": [-60,0,0],
						"0.0417": [-48.1281,0,0],
						"0.0833": [-38.15593,0,0],
						"0.125": [-29.63071,0,0],
						"0.1667": [-22.2829,0,0],
						"0.2083": [-15.9423,0,0],
						"0.25": [-10.49655,0,0],
						"0.2917": [-5.87145,0,0],
						"0.3333": [-2.02245,0,0],
						"0.375": [1.07741,0,0],
						"0.4167": [3.43429,0,0],
						"0.4583": [5.03687,0,0],
						"0.5": [5.85839,0,0],
						"0.5417": [5.84802,0,0],
						"0.5833": [4.93197,0,0],
						"0.625": [3,0,0],
						"0.6667": [0.70201,0,0],
						"0.7083": [-1.15579,0,0],
						"0.75": [-2.48466,0,0],
						"0.7917": [-3.2126,0,0],
						"0.8333": [-3.31887,0,0],
						"0.875": [-2.86932,0,0],
						"0.9167": [-2.01419,0,0],
						"1.0417": [1.26067,0,0],
						"1.0833": [2.20746,0,0],
						"1.125": [3,0,0],
						"1.25": [0,0,0]
					}
				},
				"pressure_gauge": {
					"rotation": {
						"0": [-20,0,0],
						"0.5833": [10,0,0],
						"0.8333": [-6.25,0,0],
						"1.25": [0,0,0]
					}
				},
				"front_part": {
					"position": {
						"0.6667": [0,0,0],
						"0.9167": [0,0,-0.75],
						"1.25": [0,0,0]
					}
				},
				"spinny_things": {
					"rotation": {
						"0": [0,0,0],
						"1": [0,0,347.80987],
						"0.0417": [0,0,33.78013],
						"0.0833": [0,0,64.56701],
						"0.125": [0,0,92.68243],
						"0.1667": [0,0,118.40877],
						"0.2083": [0,0,141.98113],
						"0.25": [0,0,163.5953],
						"0.2917": [0,0,183.43261],
						"0.3333": [0,0,201.63876],
						"0.375": [0,0,218.3523],
						"0.4167": [0,0,233.68961],
						"0.4583": [0,0,247.75566],
						"0.5": [0,0,260.64539],
						"0.5417": [0,0,272.44224],
						"0.5833": [0,0,283.22021],
						"0.625": [0,0,293.05475],
						"0.6667": [0,0,302.0015],
						"0.7083": [0,0,310.12348],
						"0.75": [0,0,317.47322],
						"0.7917": [0,0,324.09771],
						"0.8333": [0,0,330.04104],
						"0.875": [0,0,335.34677],
						"0.9167": [0,0,340.05344],
						"0.9583": [0,0,344.19708],
						"1.0417": [0,0,350.92402],
						"1.0833": [0,0,353.57],
						"1.125": [0,0,355.77594],
						"1.1667": [0,0,357.56599],
						"1.2083": [0,0,358.96548],
						"1.25": [0,0,360]
					}
				},
				"boingy": {
					"scale": {
						"0.6667": [1,1,1],
						"0.9167": [1,1,0.75],
						"1.25": [1,1,1]
					}
				}
			}
		},
		"animation.handheld_portal_generator.unequip": {
			"loop": false,
			"animation_length": 1,
			"bones": {
				"base": {
					"position": {
						"0": [0,0,0],
						"1": [0,-8,0],
						"0.0417": [0,0.23896,0],
						"0.0833": [0,0.44583,0],
						"0.125": [0,0.61794,0],
						"0.1667": [0,0.75282,0],
						"0.2083": [0,0.84765,0],
						"0.25": [0,0.89956,0],
						"0.2917": [0,0.90537,0],
						"0.3333": [0,0.86217,0],
						"0.375": [0,0.76665,0],
						"0.4167": [0,0.61567,0],
						"0.4583": [0,0.40628,0],
						"0.5": [0,0.13592,0],
						"0.5417": [0,-0.19813,0],
						"0.5833": [0,-0.59749,0],
						"0.625": [0,-1.06342,0],
						"0.6667": [0,-1.5963,0],
						"0.7083": [0,-2.19569,0],
						"0.75": [0,-2.85998,0],
						"0.7917": [0,-3.5865,0],
						"0.8333": [0,-4.37184,0],
						"0.875": [0,-5.21126,0],
						"0.9167": [0,-6.09976,0],
						"0.9583": [0,-7.03135,0]
					},
					"rotation": {
						"0": [0,0,0],
						"1": [-70,0,0],
						"0.0417": [-7.44516,0,0],
						"0.0833": [-10.56131,0,0],
						"0.125": [-10.60845,0,0],
						"0.1667": [-8.59326,0,0],
						"0.2083": [-5.32137,0,0],
						"0.25": [-1.41899,0,0],
						"0.2917": [2.62729,0,0],
						"0.3333": [6.44336,0,0],
						"0.375": [9.74426,0,0],
						"0.4167": [12.31365,0,0],
						"0.4583": [13.99309,0,0],
						"0.5": [14.66054,0,0],
						"0.5417": [14.23033,0,0],
						"0.5833": [12.64809,0,0],
						"0.625": [9.86712,0,0],
						"0.6667": [5.86827,0,0],
						"0.7083": [0.63784,0,0],
						"0.75": [-5.83045,0,0],
						"0.7917": [-13.52611,0,0],
						"0.8333": [-22.44179,0,0],